Diagnosis_ID,Diagnosis_Date,Disease,Patient_ID,Doctor_ID
D0001,2023-01-25,Diabetes Type 2,P032,D001
D0002,2023-02-20,Coronary Artery Disease,P040,D009
D0003,2023-05-02,Hypertension,P018,D003
D0004,2023-09-28,Osteoarthritis,P011,D004
D0005,2023-02-12,Diabetes Type 2,P003,D007
D0006,2023-02-26,Coronary Artery Disease,P039,D003
D0007,2023-03-18,Asthma,P033,D014
D0008,2023-10-03,Diabetes Type 2,P006,D003
D0009,2023-04-13,Hypertension,P011,D008
D0010,2023-04-07,Diabetes Type 2,P033,D004
D0011,2023-05-27,Coronary Artery Disease,P016,D018
D0012,2023-01-23,Asthma,P010,D011
D0013,2023-04-11,Hypertension,P049,D018
D0014,2023-02-07,Hypertension,P021,D014
D0015,2023-07-02,Hypertension,P014,D006
D0016,2023-06-18,Hypertension,P001,D007
D0017,2023-03-19,Diabetes Type 2,P044,D008
D0018,2023-11-15,Diabetes Type 2,P046,D002
D0019,2023-07-05,Osteoarthritis,P011,D001
D0020,2023-10-14,Coronary Artery Disease,P031,D002
D0021,2023-10-25,Coronary Artery Disease,P024,D007
D0022,2023-04-27,Diabetes Type 2,P017,D009
D0023,2023-03-08,Osteoarthritis,P002,D017
D0024,2023-04-25,Hypertension,P004,D007
D0025,2023-07-25,Hypertension,P003,D010
D0026,2023-03-13,Asthma,P011,D019
D0027,2023-03-24,Coronary Artery Disease,P019,D005
D0028,2023-07-05,Osteoarthritis,P038,D016
D0029,2023-01-23,Osteoarthritis,P002,D015
D0030,2023-09-23,Coronary Artery Disease,P024,D009
D0031,2023-05-04,Diabetes Type 2,P036,D014
D0032,2023-02-17,Diabetes Type 2,P032,D001
D0033,2023-01-28,Osteoarthritis,P031,D020
D0034,2023-01-30,Diabetes Type 2,P040,D017
D0035,2023-08-26,Osteoarthritis,P048,D002
D0036,2023-04-12,Diabetes Type 2,P021,D008
D0037,2023-10-07,Diabetes Type 2,P043,D019
D0038,2023-03-06,Osteoarthritis,P020,D003
D0039,2023-02-28,Hypertension,P023,D001
D0040,2023-01-02,Coronary Artery Disease,P047,D020
D0041,2023-03-27,Diabetes Type 2,P048,D012
D0042,2023-10-18,Coronary Artery Disease,P017,D019
D0043,2023-03-11,Asthma,P038,D019
D0044,2023-06-30,Coronary Artery Disease,P027,D018
D0045,2023-02-10,Asthma,P017,D019
D0046,2023-07-30,Diabetes Type 2,P031,D005
D0047,2023-10-21,Osteoarthritis,P035,D005
D0048,2023-08-27,Asthma,P025,D002
D0049,2023-09-11,Coronary Artery Disease,P015,D012
D0050,2023-05-10,Coronary Artery Disease,P019,D014
D0051,2023-03-23,Diabetes Type 2,P024,D016
D0052,2023-10-04,Hypertension,P015,D011
D0053,2023-08-18,Hypertension,P013,D015
D0054,2023-05-09,Hypertension,P041,D001
D0055,2023-09-28,Diabetes Type 2,P013,D020
D0056,2023-05-14,Diabetes Type 2,P034,D008
D0057,2023-11-15,Diabetes Type 2,P014,D001
D0058,2023-03-30,Diabetes Type 2,P036,D007
D0059,2023-05-05,Diabetes Type 2,P036,D019
D0060,2023-09-06,Osteoarthritis,P033,D017
D0061,2023-01-21,Osteoarthritis,P023,D005
D0062,2023-09-03,Asthma,P018,D019
D0063,2023-07-10,Asthma,P035,D017
D0064,2023-11-20,Coronary Artery Disease,P036,D012
D0065,2023-02-08,Asthma,P047,D010
D0066,2023-08-22,Coronary Artery Disease,P025,D018
D0067,2023-02-09,Hypertension,P038,D009
D0068,2023-10-24,Coronary Artery Disease,P005,D015
D0069,2023-04-21,Hypertension,P003,D009
D0070,2023-05-29,Diabetes Type 2,P046,D020
D0071,2023-03-31,Hypertension,P038,D015
D0072,2023-02-20,Coronary Artery Disease,P041,D014
D0073,2023-10-20,Osteoarthritis,P018,D012
D0074,2023-06-25,Hypertension,P005,D002
D0075,2023-07-20,Osteoarthritis,P027,D019
D0076,2023-08-17,Asthma,P041,D003
D0077,2023-02-27,Asthma,P039,D002
D0078,2023-05-05,Hypertension,P044,D008
D0079,2023-08-21,Coronary Artery Disease,P025,D015
D0080,2023-05-13,Diabetes Type 2,P004,D005
D0081,2023-04-15,Osteoarthritis,P025,D005
D0082,2023-03-26,Hypertension,P027,D009
D0083,2023-08-01,Hypertension,P033,D003
D0084,2023-01-27,Coronary Artery Disease,P005,D010
D0085,2023-01-20,Diabetes Type 2,P034,D012
D0086,2023-10-18,Hypertension,P018,D018
D0087,2023-01-17,Asthma,P031,D012
D0088,2023-08-27,Hypertension,P012,D008
D0089,2023-01-11,Hypertension,P019,D014
D0090,2023-06-04,Diabetes Type 2,P005,D019
D0091,2023-01-13,Diabetes Type 2,P037,D011
D0092,2023-09-24,Diabetes Type 2,P018,D002
D0093,2023-08-30,Asthma,P009,D009
D0094,2023-10-29,Coronary Artery Disease,P045,D007
D0095,2023-10-20,Osteoarthritis,P022,D010
D0096,2023-11-20,Asthma,P021,D009
D0097,2023-01-13,Osteoarthritis,P035,D018
D0098,2023-09-27,Asthma,P039,D005
D0099,2023-05-26,Coronary Artery Disease,P003,D013
D0100,2023-11-08,Asthma,P014,D005
