Doctor_ID,Doctor_Name,Speciality,Qualification,Doctor_Contact,Department_ID
D001,Wayne Meyer,Cardiology,MD in Pediatrics,509.010.3466x987,Dpt01
D002,Joshua Harris,Oncology,MD in Pediatrics,918-575-3259,Dpt05
D003,Karina Reid,Cardiology,PhD in Medicine,001-090-992-9438x025,Dpt01
D004,Garrett Frank,Pediatrics,MSc in Cardiology,573-046-7480x712,Dpt04
D005,James Martin,Orthopedics,MBBS,363.448.9457x1529,Dpt03
D006,Tracy Chapman,Orthopedics,MD,(338)773-9605x2359,Dpt03
D007,Steven Cox,Pediatrics,MSc in Cardiology,(288)130-5986x58681,Dpt04
D008,Angel Castaneda,Pediatrics,PhD in Medicine,904.689.0391,Dpt04
D009,Joseph Miller,Orthopedics,MD,001-050-956-8199x072,Dpt03
D010,Kenneth Ruiz,Neurology,MD in Pediatrics,(139)415-7348x9753,Dpt02
D011,Nathan Bautista,Pediatrics,MD in Pediatrics,844-908-2803,Dpt04
D012,Mr. Tyler Lucas,Pediatrics,MD in Pediatrics,+1-851-030-7734,Dpt04
D013,Sara Smith,Orthopedics,MD in Pediatrics,614.243.7269,Dpt03
D014,Ronald Carter,Neurology,MSc in Cardiology,629.917.0633x2024,Dpt02
D015,Bridget Green,Orthopedics,MBBS,001-622-137-2760,Dpt03
D016,Edward Petersen,Orthopedics,MD,246-023-1348x31750,Dpt03
D017,Brenda Brown,Orthopedics,MD,(030)924-3078,Dpt03
D018,James Harris,Oncology,MBBS,001-023-905-7419x29267,Dpt05
D019,Robert Brown,Oncology,MD in Pediatrics,(295)458-9150x9775,Dpt05
D020,Ariana Bautista,Neurology,MD in Pediatrics,063.819.4608,Dpt02
