Medication_ID,Medication_Name,Dosages,Patient_ID,Doctor_ID,Prescription_Date,Treatment_ID
M0001,Amoxicillin,3 times a day,P048,D020,2023-07-26,T0049
M0002,Lisinopril,2 times a day,P029,D016,2023-01-18,T0008
M0003,Lisinopril,1 times a day,P035,D017,2023-05-15,T0004
M0004,Ibuprofen,2 times a day,P030,D016,2023-08-28,T0028
M0005,Atorvastatin,2 times a day,P043,D016,2023-09-24,T0038
M0006,Metformin,1 times a day,P024,D011,2023-01-25,T0027
M0007,Amoxicillin,2 times a day,P025,D009,2023-07-30,T0094
M0008,Atorvastatin,1 times a day,P014,D009,2023-05-23,T0019
M0009,Lisinopril,1 times a day,P009,D002,2023-07-04,T0043
M0010,Metformin,3 times a day,P009,D003,2023-03-21,T0027
M0011,Amoxicillin,2 times a day,P022,D005,2023-10-23,T0014
M0012,Atorvastatin,2 times a day,P050,D005,2023-06-10,T0034
M0013,Atorvastatin,1 times a day,P038,D002,2023-02-27,T0024
M0014,Lisinopril,3 times a day,P025,D010,2023-01-19,T0091
M0015,Metformin,1 times a day,P020,D020,2023-01-29,T0015
M0016,Amoxicillin,1 times a day,P045,D019,2023-04-06,T0045
M0017,Metformin,1 times a day,P026,D008,2023-10-04,T0021
M0018,Metformin,3 times a day,P004,D002,2023-04-17,T0016
M0019,Lisinopril,2 times a day,P036,D001,2023-01-02,T0080
M0020,Atorvastatin,1 times a day,P018,D019,2023-05-23,T0085
M0021,Lisinopril,2 times a day,P017,D019,2023-02-23,T0040
M0022,Metformin,1 times a day,P032,D008,2023-11-02,T0037
M0023,Lisinopril,2 times a day,P044,D017,2023-08-29,T0010
M0024,Metformin,2 times a day,P009,D017,2023-06-04,T0056
M0025,Atorvastatin,3 times a day,P028,D015,2023-10-14,T0100
M0026,Metformin,1 times a day,P045,D002,2023-01-16,T0086
M0027,Atorvastatin,3 times a day,P011,D018,2023-08-18,T0040
M0028,Metformin,1 times a day,P007,D014,2023-03-03,T0055
M0029,Atorvastatin,1 times a day,P017,D002,2023-07-13,T0033
M0030,Ibuprofen,1 times a day,P047,D004,2023-08-01,T0064
M0031,Amoxicillin,3 times a day,P014,D005,2023-04-30,T0032
M0032,Ibuprofen,1 times a day,P010,D017,2023-09-08,T0028
M0033,Lisinopril,2 times a day,P006,D010,2023-04-12,T0085
M0034,Amoxicillin,1 times a day,P037,D020,2023-04-19,T0053
M0035,Metformin,3 times a day,P035,D002,2023-06-12,T0018
M0036,Ibuprofen,2 times a day,P020,D016,2023-07-30,T0012
M0037,Lisinopril,2 times a day,P036,D012,2023-03-28,T0073
M0038,Atorvastatin,1 times a day,P012,D014,2023-02-26,T0023
M0039,Atorvastatin,2 times a day,P010,D009,2023-08-22,T0075
M0040,Ibuprofen,2 times a day,P021,D016,2023-03-15,T0004
M0041,Atorvastatin,3 times a day,P015,D010,2023-06-29,T0071
M0042,Ibuprofen,2 times a day,P039,D018,2023-03-08,T0083
M0043,Lisinopril,2 times a day,P008,D018,2023-04-02,T0006
M0044,Ibuprofen,2 times a day,P050,D010,2023-09-07,T0032
M0045,Ibuprofen,3 times a day,P037,D014,2023-09-12,T0093
M0046,Metformin,1 times a day,P005,D016,2023-10-28,T0019
M0047,Metformin,1 times a day,P049,D003,2023-10-08,T0060
M0048,Amoxicillin,3 times a day,P019,D007,2023-04-27,T0019
M0049,Amoxicillin,2 times a day,P040,D009,2023-03-12,T0085
M0050,Atorvastatin,3 times a day,P020,D020,2023-03-12,T0025
M0051,Amoxicillin,3 times a day,P009,D004,2023-04-20,T0050
M0052,Amoxicillin,2 times a day,P032,D012,2023-10-21,T0050
M0053,Atorvastatin,1 times a day,P031,D003,2023-10-13,T0099
M0054,Amoxicillin,2 times a day,P044,D016,2023-05-11,T0025
M0055,Ibuprofen,3 times a day,P038,D014,2023-02-25,T0075
M0056,Amoxicillin,2 times a day,P047,D020,2023-08-21,T0059
M0057,Lisinopril,3 times a day,P003,D007,2023-05-06,T0050
M0058,Atorvastatin,1 times a day,P002,D016,2023-06-27,T0006
M0059,Amoxicillin,3 times a day,P050,D003,2023-07-26,T0005
M0060,Lisinopril,1 times a day,P030,D015,2023-04-25,T0087
M0061,Metformin,1 times a day,P018,D012,2023-05-17,T0013
M0062,Lisinopril,1 times a day,P045,D014,2023-05-10,T0032
M0063,Metformin,3 times a day,P033,D008,2023-02-11,T0057
M0064,Metformin,3 times a day,P039,D001,2023-08-08,T0037
M0065,Ibuprofen,3 times a day,P044,D020,2023-10-04,T0069
M0066,Atorvastatin,1 times a day,P036,D011,2023-03-25,T0050
M0067,Amoxicillin,1 times a day,P006,D017,2023-10-09,T0001
M0068,Atorvastatin,3 times a day,P010,D018,2023-06-27,T0094
M0069,Atorvastatin,1 times a day,P050,D015,2023-02-13,T0099
M0070,Ibuprofen,3 times a day,P012,D015,2023-02-19,T0004
M0071,Atorvastatin,2 times a day,P033,D013,2023-05-15,T0075
M0072,Amoxicillin,2 times a day,P017,D019,2023-06-27,T0016
M0073,Ibuprofen,1 times a day,P050,D019,2023-09-21,T0051
M0074,Metformin,1 times a day,P046,D009,2023-07-07,T0041
M0075,Metformin,1 times a day,P018,D014,2023-03-12,T0008
M0076,Metformin,1 times a day,P039,D006,2023-05-28,T0003
M0077,Metformin,3 times a day,P029,D004,2023-03-01,T0039
M0078,Lisinopril,3 times a day,P008,D009,2023-07-05,T0024
M0079,Atorvastatin,1 times a day,P029,D002,2023-04-16,T0063
M0080,Amoxicillin,2 times a day,P030,D003,2023-07-27,T0006
M0081,Lisinopril,1 times a day,P017,D019,2023-11-07,T0068
M0082,Ibuprofen,1 times a day,P026,D002,2023-06-21,T0007
M0083,Ibuprofen,2 times a day,P002,D011,2023-03-26,T0047
M0084,Amoxicillin,2 times a day,P026,D012,2023-08-16,T0074
M0085,Amoxicillin,1 times a day,P028,D012,2023-10-28,T0041
M0086,Metformin,2 times a day,P006,D006,2023-10-12,T0053
M0087,Atorvastatin,1 times a day,P047,D009,2023-10-16,T0060
M0088,Atorvastatin,2 times a day,P026,D019,2023-04-10,T0032
M0089,Metformin,1 times a day,P026,D018,2023-11-09,T0092
M0090,Amoxicillin,1 times a day,P001,D004,2023-08-28,T0094
M0091,Atorvastatin,1 times a day,P047,D010,2023-02-25,T0016
M0092,Ibuprofen,1 times a day,P039,D010,2023-05-17,T0069
M0093,Atorvastatin,1 times a day,P009,D020,2023-09-05,T0009
M0094,Lisinopril,1 times a day,P012,D013,2023-07-09,T0030
M0095,Metformin,1 times a day,P040,D019,2023-04-11,T0012
M0096,Metformin,1 times a day,P014,D015,2023-10-16,T0011
M0097,Amoxicillin,2 times a day,P033,D003,2023-05-18,T0038
M0098,Atorvastatin,3 times a day,P006,D014,2023-02-09,T0056
M0099,Metformin,3 times a day,P044,D019,2023-08-18,T0093
M0100,Atorvastatin,2 times a day,P018,D015,2023-10-23,T0058
