Equipment_ID,Equipment_Name,Equipment_Description,Maintance_Record
E001,ECG Monitor,Used for ecg monitor,Calibrated last month
E002,ECG Monitor,Used for ecg monitor,In excellent condition
E003,ECG Monitor,Used for ecg monitor,In excellent condition
E004,Ventilator,Used for ventilator,Inspected for compliance
E005,MRI Scanner,Used for mri scanner,Regularly serviced
E006,X-ray Machine,Used for x-ray machine,Underwent major repair recently
E007,Ventilator,Used for ventilator,Calibrated last month
E008,MRI Scanner,Used for mri scanner,In excellent condition
E009,ECG Monitor,Used for ecg monitor,Calibrated last month
E010,Ultrasound Machine,Used for ultrasound machine,Calibrated last month
E011,MRI Scanner,Used for mri scanner,Calibrated last month
E012,ECG Monitor,Used for ecg monitor,Underwent major repair recently
E013,X-ray Machine,Used for x-ray machine,In excellent condition
E014,X-ray Machine,Used for x-ray machine,Calibrated last month
E015,Ventilator,Used for ventilator,Inspected for compliance
E016,ECG Monitor,Used for ecg monitor,In excellent condition
E017,Ultrasound Machine,Used for ultrasound machine,Underwent major repair recently
E018,ECG Monitor,Used for ecg monitor,Underwent major repair recently
E019,MRI Scanner,Used for mri scanner,Regularly serviced
E020,MRI Scanner,Used for mri scanner,Inspected for compliance
E021,X-ray Machine,Used for x-ray machine,Inspected for compliance
E022,MRI Scanner,Used for mri scanner,Inspected for compliance
E023,Ventilator,Used for ventilator,Underwent major repair recently
E024,ECG Monitor,Used for ecg monitor,In excellent condition
E025,Ventilator,Used for ventilator,Calibrated last month
E026,Ventilator,Used for ventilator,In excellent condition
E027,Ultrasound Machine,Used for ultrasound machine,In excellent condition
E028,ECG Monitor,Used for ecg monitor,Calibrated last month
E029,Ventilator,Used for ventilator,Inspected for compliance
E030,X-ray Machine,Used for x-ray machine,Underwent major repair recently
