Patient_ID,Patient_Name,Patient_DOB,Medical,Patient_Contact
P001,Frederick Solis,1928-11-07,None,858-784-2944
P002,Barbara Byrd,1973-03-09,Diabetes,176-773-3420
P003,Jacob Joseph,1971-06-10,Hypertension,631-405-4422
P004,Brooke Carson,1957-02-19,Asthma,613-322-9476
P005,Jeffery Hughes,1995-02-26,Heart Disease,305-930-4976
P006,Margaret Wilson,1963-04-24,Heart Disease,368-676-1518
P007,Joseph Davis,2000-11-09,Heart Disease,695-273-1723
P008,John Preston,1958-11-16,Hypertension,604-759-4003
P009,Chase Osborne,1949-10-17,None,350-491-4297
P010,Juan Bauer,1996-05-15,Hypertension,777-178-4535
P011,Jennifer Wilson,2006-09-23,Heart Disease,438-956-1644
P012,Michael Little,1957-12-11,None,549-660-5034
P013,Sandra Sexton,1979-10-15,None,762-962-4634
P014,Steven Mason,1975-12-14,Heart Disease,112-838-3000
P015,Kim Henderson,1926-08-16,Hypertension,155-668-8911
P016,Anthony Little,2001-02-05,Diabetes,321-940-2902
P017,Kimberly Norton,1962-03-27,Hypertension,205-776-2539
P018,Judy Reeves,1941-07-14,Heart Disease,118-112-5340
P019,Teresa Buckley,1954-09-06,Diabetes,196-393-7431
P020,Steven Weaver,1938-04-10,Asthma,188-780-3115
P021,Crystal Freeman,1942-03-12,Hypertension,935-469-5387
P022,Vickie Washington,1998-02-18,None,798-366-9774
P023,Kyle Smith,1997-10-12,Heart Disease,826-781-2992
P024,Donald Ferguson,2023-06-01,Hypertension,770-488-9985
P025,Sydney Johnson,2007-09-07,Hypertension,421-916-7513
P026,Helen Carr,2023-09-29,Heart Disease,424-847-4782
P027,Sharon Wu,1994-05-02,Diabetes,859-286-2458
P028,Jason Murphy,1956-09-30,Hypertension,748-495-7540
P029,Kristin Gross,2015-07-22,Heart Disease,203-979-2759
P030,Ashley Allen,1939-11-25,Heart Disease,248-924-1568
P031,Alexandra Hays,1953-08-14,Asthma,847-652-1000
P032,Donna Campbell,2006-01-01,Diabetes,334-248-5018
P033,Mark Vargas,1922-11-23,Diabetes,272-722-7059
P034,Kathy Hansen,1995-03-14,None,920-212-8853
P035,Stephanie Pham,1944-08-04,None,531-452-9329
P036,Kelsey Lane,1926-06-27,Heart Disease,472-278-2253
P037,Jackson Peck,1948-07-30,Heart Disease,236-844-9527
P038,Richard Shannon,1974-06-04,None,232-577-5915
P039,Corey Hall,1989-09-21,Asthma,139-812-8725
P040,Teresa Pearson,1983-08-21,Asthma,604-577-2437
P041,Virginia Patton,1943-12-24,Heart Disease,467-454-7954
P042,Linda Morgan,1986-07-25,Heart Disease,520-339-9080
P043,Darlene Adams,1947-12-27,Diabetes,678-323-4681
P044,Aaron Mclaughlin,1941-03-17,Hypertension,265-854-8539
P045,Tyler Luna DVM,1926-07-18,None,677-758-1849
P046,Richard Rodriguez,2003-09-01,None,418-718-4499
P047,Sarah Castro,2005-05-04,Hypertension,892-707-9774
P048,Robert Hill,1954-10-18,Diabetes,605-913-4981
P049,Barbara Evans,1926-08-13,Hypertension,358-939-4933
P050,Terry Adams,2011-08-14,Asthma,214-846-8155
