Treatment_ID,Notes,Patient_ID,Doctor_ID,Treatment_Date
T0001,Emergency treatment for injury,P033,D009,2023-12-23
T0002,Routine check-up and consultation,P026,D012,2023-12-17
T0003,Surgical procedure performed,P020,D017,2023-12-31
T0004,Surgical procedure performed,P017,D015,2023-12-02
T0005,Routine check-up and consultation,P034,D018,2023-12-09
T0006,Routine check-up and consultation,P038,D018,2023-12-14
T0007,Emergency treatment for injury,P008,D009,2023-12-01
T0008,Routine check-up and consultation,P001,D012,2023-12-10
T0009,Emergency treatment for injury,P004,D008,2023-12-21
T0010,Routine check-up and consultation,P025,D002,2023-12-03
T0011,Emergency treatment for injury,P049,D009,2023-12-25
T0012,Physical therapy session,P020,D016,2023-12-23
T0013,Diagnostic imaging analysis,P041,D016,2023-11-28
T0014,Physical therapy session,P020,D014,2023-11-27
T0015,Physical therapy session,P014,D001,2023-12-13
T0016,Routine check-up and consultation,P028,D017,2023-12-10
T0017,Surgical procedure performed,P026,D004,2023-12-10
T0018,Routine check-up and consultation,P044,D015,2023-12-02
T0019,Surgical procedure performed,P044,D019,2023-12-30
T0020,Physical therapy session,P022,D018,2023-12-11
T0021,Diagnostic imaging analysis,P011,D013,2023-11-29
T0022,Surgical procedure performed,P049,D004,2023-12-11
T0023,Routine check-up and consultation,P023,D017,2023-11-23
T0024,Diagnostic imaging analysis,P005,D020,2023-12-03
T0025,Diagnostic imaging analysis,P019,D019,2023-12-16
T0026,Diagnostic imaging analysis,P002,D012,2023-12-11
T0027,Physical therapy session,P014,D013,2023-12-30
T0028,Physical therapy session,P026,D016,2023-12-13
T0029,Routine check-up and consultation,P050,D012,2023-12-15
T0030,Physical therapy session,P046,D016,2023-12-29
T0031,Diagnostic imaging analysis,P036,D014,2023-12-30
T0032,Emergency treatment for injury,P032,D004,2023-11-23
T0033,Emergency treatment for injury,P002,D007,2023-12-30
T0034,Diagnostic imaging analysis,P007,D011,2023-12-22
T0035,Routine check-up and consultation,P019,D010,2023-12-10
T0036,Routine check-up and consultation,P028,D010,2023-12-14
T0037,Physical therapy session,P022,D012,2023-12-11
T0038,Diagnostic imaging analysis,P028,D002,2023-12-15
T0039,Routine check-up and consultation,P017,D004,2023-12-30
T0040,Emergency treatment for injury,P045,D007,2023-12-24
T0041,Surgical procedure performed,P014,D011,2023-12-09
T0042,Emergency treatment for injury,P044,D005,2023-11-23
T0043,Surgical procedure performed,P025,D010,2023-12-31
T0044,Emergency treatment for injury,P010,D012,2023-12-11
T0045,Routine check-up and consultation,P046,D013,2023-12-02
T0046,Emergency treatment for injury,P011,D010,2023-12-15
T0047,Surgical procedure performed,P036,D013,2023-11-26
T0048,Routine check-up and consultation,P043,D005,2023-12-21
T0049,Routine check-up and consultation,P014,D014,2023-12-21
T0050,Surgical procedure performed,P020,D011,2023-11-27
T0051,Diagnostic imaging analysis,P044,D018,2023-12-15
T0052,Emergency treatment for injury,P046,D003,2023-12-14
T0053,Surgical procedure performed,P005,D020,2023-11-29
T0054,Surgical procedure performed,P005,D013,2023-12-19
T0055,Surgical procedure performed,P031,D008,2023-12-05
T0056,Diagnostic imaging analysis,P043,D002,2023-12-10
T0057,Surgical procedure performed,P009,D015,2023-12-22
T0058,Surgical procedure performed,P027,D003,2023-12-19
T0059,Emergency treatment for injury,P034,D002,2023-12-29
T0060,Routine check-up and consultation,P042,D007,2023-12-14
T0061,Diagnostic imaging analysis,P023,D008,2023-12-04
T0062,Emergency treatment for injury,P013,D005,2023-12-24
T0063,Diagnostic imaging analysis,P049,D019,2023-12-29
T0064,Physical therapy session,P008,D020,2023-12-03
T0065,Diagnostic imaging analysis,P015,D020,2023-12-15
T0066,Physical therapy session,P045,D005,2023-11-26
T0067,Diagnostic imaging analysis,P025,D001,2023-12-07
T0068,Emergency treatment for injury,P022,D015,2023-12-16
T0069,Physical therapy session,P020,D020,2023-11-24
T0070,Routine check-up and consultation,P004,D018,2023-11-26
T0071,Diagnostic imaging analysis,P003,D017,2023-12-18
T0072,Diagnostic imaging analysis,P007,D008,2023-12-25
T0073,Routine check-up and consultation,P026,D013,2023-12-20
T0074,Diagnostic imaging analysis,P002,D001,2023-12-10
T0075,Emergency treatment for injury,P016,D002,2023-12-03
T0076,Surgical procedure performed,P039,D012,2023-12-18
T0077,Emergency treatment for injury,P049,D009,2023-12-03
T0078,Physical therapy session,P009,D005,2023-12-21
T0079,Surgical procedure performed,P001,D002,2023-12-11
T0080,Surgical procedure performed,P049,D009,2023-11-22
T0081,Emergency treatment for injury,P012,D002,2023-11-25
T0082,Routine check-up and consultation,P005,D009,2023-12-29
T0083,Diagnostic imaging analysis,P020,D002,2023-12-01
T0084,Surgical procedure performed,P049,D007,2023-12-23
T0085,Surgical procedure performed,P032,D011,2023-12-23
T0086,Emergency treatment for injury,P049,D020,2023-12-11
T0087,Physical therapy session,P018,D005,2023-12-21
T0088,Physical therapy session,P010,D017,2023-12-07
T0089,Surgical procedure performed,P035,D001,2023-12-23
T0090,Routine check-up and consultation,P036,D015,2023-12-19
T0091,Routine check-up and consultation,P016,D016,2023-11-26
T0092,Emergency treatment for injury,P030,D015,2023-12-25
T0093,Emergency treatment for injury,P012,D011,2023-12-30
T0094,Emergency treatment for injury,P020,D018,2023-12-22
T0095,Surgical procedure performed,P019,D013,2023-12-20
T0096,Routine check-up and consultation,P020,D006,2023-12-16
T0097,Surgical procedure performed,P019,D004,2023-11-27
T0098,Routine check-up and consultation,P008,D014,2023-12-17
T0099,Surgical procedure performed,P042,D002,2023-12-22
T0100,Emergency treatment for injury,P012,D004,2023-12-05
